Rank,Name,week,DB,MAN %,FP/DB,ZONE %,FP/DB,1-HI/MOF C %,FP/DB,2-HI/MOF O %,FP/DB,COVER 0 %,COVER 1 %,COVER 2 %,COVER 2 MAN %,COVER 3 %,COVER 4 %,COVER 6 %,Season
1,NE,1,58,0.259,0.46,0.741,0.42,0.707,0.53,0.293,0.21,0,0.259,0.034,0,0.448,0.034,0.224,2023
2,HOU,1,53,0.283,0.16,0.66,0.23,0.396,0.15,0.585,0.24,0.075,0.208,0.057,0,0.151,0.208,0.245,2023
3,PIT,1,52,0.096,0.13,0.788,0.16,0.365,0.19,0.615,0.25,0,0.096,0.115,0,0.269,0.346,0.058,2023
4,BUF,1,50,0.24,0.11,0.7,0.23,0.4,0.18,0.58,0.35,0,0.24,0,0,0.16,0.38,0.16,2023
5,CHI,1,48,0,0,0.958,0.36,0.729,0.41,0.271,0.17,0,0,0.042,0,0.729,0.083,0.104,2023
6,IND,1,47,0.234,0.16,0.766,0.33,0.574,0.23,0.426,0.37,0.043,0.191,0.149,0,0.383,0.234,0,2023
7,MIN,1,47,0.085,0.83,0.872,0.4,0.511,0.39,0.489,0.47,0.021,0.043,0.149,0.021,0.468,0.255,0,2023
8,MIA,1,46,0.326,0.99,0.587,0.4,0.478,0.48,0.522,0.82,0.087,0.13,0.022,0.109,0.283,0.109,0.174,2023
9,KC,1,45,0.2,0.24,0.733,0.31,0.378,0.2,0.622,0.62,0,0.2,0.222,0,0.133,0.378,0,2023
10,NYG,1,44,0.432,0.23,0.568,0.1,0.75,0.22,0.25,-0.02,0,0.432,0.227,0,0.318,0.023,0,2023
11,CAR,1,42,0.214,0.65,0.786,0.12,0.357,0.49,0.643,0.09,0,0.19,0.048,0.024,0.167,0.262,0.31,2023
12,LAC,1,40,0.25,0.46,0.725,0.34,0.5,0.19,0.5,0.55,0.05,0.2,0,0,0.3,0.1,0.325,2023
13,TEN,1,40,0.375,0.05,0.575,0.19,0.575,0.13,0.4,0.14,0.025,0.325,0.15,0.025,0.25,0.1,0.075,2023
14,WAS,1,39,0.179,0.31,0.718,0.15,0.256,0.31,0.744,0.48,0.051,0.128,0.051,0,0.128,0.436,0.103,2023
15,LA,1,39,0.128,0.58,0.846,0.34,0.513,0.39,0.487,0.34,0,0.103,0.077,0.026,0.41,0.231,0.128,2023
16,NO,1,38,0.158,0.23,0.789,0.48,0.395,0.74,0.605,0.21,0.026,0.079,0.105,0.053,0.316,0.289,0.079,2023
17,TB,1,38,0.105,0.25,0.868,0.32,0.5,0.21,0.5,0.62,0.079,0.026,0.316,0,0.474,0.053,0.026,2023
18,PHI,1,38,0.447,0.44,0.553,0.2,0.711,0.2,0.289,0.59,0.132,0.316,0.079,0,0.395,0.026,0.053,2023
19,DEN,1,37,0.081,0.31,0.784,0.2,0.459,0.23,0.514,0.59,0,0.081,0.054,0,0.378,0.324,0.027,2023
20,DET,1,36,0.306,0.34,0.611,0.27,0.361,0.44,0.611,0.38,0.056,0.25,0.278,0,0.222,0.083,0.028,2023
21,CLE,1,35,0.286,0.28,0.686,0.17,0.771,0.24,0.229,0.57,0.057,0.229,0.057,0,0.543,0.029,0.057,2023
22,JAX,1,35,0.171,0.39,0.829,0.53,0.829,0.56,0.171,0.25,0,0.171,0.086,0,0.657,0.086,0,2023
23,CIN,1,34,0.324,0.04,0.676,0.13,0.735,0.06,0.265,0.21,0,0.324,0.235,0,0.412,0,0.029,2023
24,SF,1,34,0.294,0.74,0.618,0.3,0.471,0.55,0.529,0.51,0,0.235,0.206,0.059,0.265,0.029,0.118,2023
25,ARI,1,33,0.394,0.03,0.576,0.2,0.424,0.07,0.576,0.18,0.061,0.242,0.03,0.091,0.182,0.242,0.121,2023
26,BAL,1,31,0.194,0.5,0.742,0.23,0.484,0.27,0.516,0.27,0.097,0.097,0.097,0,0.387,0.097,0.161,2023
27,GB,1,30,0.2,1.71,0.733,0.38,0.5,0.93,0.5,0.6,0,0.2,0.2,0,0.3,0.067,0.167,2023
28,SEA,1,29,0.138,1.1,0.828,0.21,0.414,0.48,0.586,0.2,0,0.138,0,0,0.276,0.276,0.276,2023
29,LV,1,29,0.31,0.79,0.552,0.4,0.655,0.61,0.345,0.5,0,0.31,0,0,0.345,0.138,0.069,2023
30,NYJ,1,26,0.077,0.2,0.846,0.21,0.385,0.07,0.615,0.53,0,0.077,0.154,0,0.308,0.115,0.269,2023
31,DAL,1,25,0.44,0.37,0.48,0.12,0.52,0.29,0.48,0.16,0.12,0.28,0.04,0.04,0.24,0.08,0.12,2023
32,ATL,1,22,0.136,0.37,0.864,0.39,0.864,0.21,0.136,1.56,0,0.136,0.045,0,0.727,0,0.091,2023
1,NYG,4,51,0.039,0.24,0.961,0.21,0.451,0.25,0.549,0.18,0,0.039,0.02,0,0.431,0.118,0.392,2023
2,WAS,4,51,0.431,0.34,0.49,0.26,0.667,0.33,0.314,0.46,0.039,0.392,0,0,0.275,0.098,0.118,2023
3,ARI,4,47,0.149,0.44,0.809,0.39,0.362,0.42,0.638,0.49,0,0.149,0.17,0,0.213,0.426,0,2023
4,LV,4,46,0.065,-0.31,0.87,0.18,0.239,0.22,0.761,0.12,0.043,0,0.261,0.022,0.239,0.152,0.217,2023
5,PHI,4,44,0.273,0.16,0.727,0.68,0.477,0.63,0.523,0.46,0.068,0.205,0.136,0,0.273,0.318,0,2023
6,LA,4,44,0.136,0.93,0.818,0.31,0.614,0.39,0.386,0.39,0.023,0.114,0.136,0,0.477,0.159,0.045,2023
7,CLE,4,43,0.209,-0.12,0.791,0.16,0.488,0.09,0.512,0.11,0.047,0.163,0.023,0,0.326,0.302,0.14,2023
8,NO,4,43,0.14,0.18,0.86,0.08,0.419,0.11,0.581,0.08,0.023,0.023,0.163,0.093,0.395,0.209,0.093,2023
9,NYJ,4,42,0.286,0.49,0.643,0.27,0.286,0.34,0.714,0.5,0.024,0.143,0.19,0.119,0.143,0.214,0.095,2023
10,GB,4,41,0.098,1.01,0.878,0.22,0.585,0.18,0.415,0.45,0.024,0.073,0.098,0,0.512,0.268,0,2023
11,MIA,4,41,0.195,0.21,0.756,0.28,0.293,0.2,0.707,0.43,0,0.122,0.244,0.073,0.171,0.244,0.098,2023
12,CHI,4,41,0.22,0.81,0.732,0.61,0.561,0.67,0.439,0.79,0.024,0.195,0.098,0,0.366,0.073,0.195,2023
13,CAR,4,39,0.282,0.18,0.692,0.23,0.41,0.25,0.59,0.18,0.154,0.128,0.359,0,0.308,0.026,0,2023
14,DAL,4,39,0.41,0.57,0.564,0.27,0.615,0.5,0.385,0.22,0.154,0.231,0.179,0.026,0.385,0,0,2023
15,TB,4,39,0.282,1.02,0.667,0.34,0.487,0.64,0.513,0.6,0,0.154,0.154,0.128,0.333,0.154,0.026,2023
16,ATL,4,36,0.222,0.67,0.778,0.14,0.806,0.26,0.194,0.24,0.028,0.194,0.028,0,0.611,0.139,0,2023
17,JAX,4,36,0.361,0.42,0.556,0.52,0.5,0.21,0.472,0.72,0,0.278,0.111,0.083,0.25,0.083,0.111,2023
18,CIN,4,35,0.286,0.15,0.686,0.18,0.486,0.13,0.514,0.2,0.057,0.229,0.171,0,0.257,0.2,0.057,2023
19,KC,4,35,0.343,0.68,0.629,0.28,0.543,0.43,0.457,0.44,0,0.343,0,0,0.2,0.4,0.029,2023
20,NE,4,34,0.471,0.14,0.5,0.22,0.765,0.2,0.235,0.1,0,0.471,0.118,0,0.265,0.088,0.029,2023
21,HOU,4,33,0.273,0.98,0.576,0.44,0.485,0.98,0.455,0.69,0.03,0.212,0.152,0.03,0.242,0.03,0.152,2023
22,PIT,4,32,0.063,0.24,0.875,0.16,0.469,0.29,0.531,0.04,0,0.063,0.156,0,0.406,0.094,0.219,2023
23,LAC,4,31,0.065,0.74,0.871,0.4,0.71,0.47,0.29,1,0.032,0.032,0,0,0.677,0.194,0,2023
24,DEN,4,31,0.032,0,0.935,0.62,0.419,0.21,0.581,1.08,0,0.032,0.516,0,0.387,0,0.032,2023
25,DET,4,31,0.194,0.59,0.806,0.36,0.645,0.52,0.355,0.19,0,0.194,0.097,0,0.452,0.065,0.194,2023
26,TEN,4,31,0.323,1.1,0.613,0.32,0.581,0.24,0.419,1.03,0.129,0.194,0.065,0,0.387,0.065,0.097,2023
27,IND,4,30,0.333,0.77,0.633,0.33,0.6,0.73,0.4,0.41,0,0.267,0.067,0.067,0.3,0.1,0.167,2023
28,BUF,4,29,0.276,1.54,0.655,0.89,0.31,1.47,0.69,0.82,0.138,0.138,0.034,0,0.172,0.241,0.207,2023
29,SEA,4,29,0.379,0.12,0.586,0.38,0.586,0.14,0.414,0.81,0.103,0.276,0,0,0.31,0.103,0.172,2023
30,BAL,4,26,0.462,0.38,0.5,0.63,0.808,0.67,0.192,0.59,0.038,0.423,0.077,0,0.346,0,0.077,2023
31,SF,4,22,0.182,0.29,0.773,0.58,0.682,0.44,0.318,1.25,0,0.182,0.045,0,0.5,0.227,0,2023
32,MIN,4,21,0.238,0.87,0.762,0.45,0.619,0.83,0.381,0.1,0,0.19,0.048,0.048,0.429,0.143,0.143,2023
1,CAR,3,62,0.177,0.28,0.823,0.4,0.548,0.57,0.452,0.15,0,0.177,0.129,0,0.371,0.129,0.194,2023
2,MIN,3,55,0.2,0.67,0.709,0.39,0.509,0.7,0.491,0.26,0.018,0.164,0.164,0.018,0.291,0.145,0.109,2023
3,CIN,3,51,0.176,0.06,0.804,0.22,0.451,0.1,0.549,0.25,0,0.118,0.039,0.059,0.333,0.196,0.235,2023
4,LAC,3,50,0.6,0.7,0.34,0.36,0.48,0.73,0.52,0.68,0.4,0.2,0.06,0,0.24,0.04,0,2023
5,LV,3,49,0.388,0.62,0.571,0.24,0.388,0.72,0.612,0.17,0.02,0.102,0.184,0.265,0.286,0.061,0.041,2023
6,GB,3,49,0.429,0.35,0.571,0.36,0.633,0.35,0.367,0.38,0,0.408,0.204,0.02,0.224,0.122,0.02,2023
7,IND,3,49,0.408,0.45,0.592,0.14,0.51,0.18,0.49,0.36,0.122,0.265,0.143,0.02,0.245,0.163,0.041,2023
8,ATL,3,46,0.217,0.22,0.696,0.14,0.63,0.15,0.37,0.16,0.022,0.196,0.109,0,0.413,0.174,0,2023
9,JAX,3,45,0.022,0,0.978,0.36,0.578,0.44,0.422,0.23,0,0.022,0.111,0,0.556,0.067,0.244,2023
10,DAL,3,45,0.267,0.54,0.711,0.28,0.267,0.56,0.733,0.26,0.089,0.178,0.089,0,0.089,0.422,0.111,2023
11,KC,3,41,0.244,0.83,0.683,0.45,0.439,0.79,0.561,0.46,0,0.244,0.195,0,0.195,0.146,0.146,2023
12,LA,3,40,0.4,0.4,0.525,0.34,0.6,0.54,0.4,0.03,0.1,0.3,0.175,0,0.275,0.025,0.05,2023
13,PHI,3,40,0.35,0.14,0.65,0.46,0.675,0.23,0.325,0.59,0.125,0.225,0.075,0,0.45,0.1,0.025,2023
14,BAL,3,40,0.225,0.42,0.725,0.26,0.8,0.37,0.2,0.02,0.025,0.2,0.1,0,0.525,0.1,0,2023
15,NYJ,3,40,0.425,0.14,0.55,0.18,0.525,0.12,0.475,0.2,0.075,0.325,0.3,0.025,0.2,0.05,0,2023
16,SF,3,39,0.462,0.8,0.462,0.33,0.487,0.24,0.513,0.79,0.154,0.308,0.051,0,0.128,0.282,0,2023
17,WAS,3,39,0.179,0.38,0.769,0.06,0.436,0.04,0.564,0.18,0,0.103,0.205,0.077,0.333,0.154,0.077,2023
18,DEN,3,39,0.282,0.35,0.667,0.44,0.641,0.48,0.359,0.24,0.077,0.205,0,0,0.436,0.077,0.154,2023
19,NO,3,38,0.263,0.16,0.684,0.24,0.789,0.23,0.211,0.67,0,0.263,0.026,0,0.526,0.026,0.105,2023
20,SEA,3,38,0.105,1.15,0.895,0.3,0.368,0.32,0.632,0.43,0.026,0.026,0.026,0.053,0.342,0.368,0.158,2023
21,CLE,3,37,0.27,0.36,0.73,0.6,0.595,0.28,0.405,0.92,0.027,0.243,0.135,0,0.351,0.243,0,2023
22,NYG,3,36,0.417,0.13,0.583,0.13,0.694,0.15,0.306,0.09,0.028,0.389,0.028,0,0.306,0.25,0,2023
23,BUF,3,35,0.143,1.71,0.857,0.46,0.229,0.21,0.771,0.77,0.029,0.086,0.257,0.029,0.143,0.343,0.114,2023
24,DET,3,34,0.382,0.72,0.529,0.18,0.471,0.69,0.529,0.11,0.059,0.324,0.176,0,0.147,0.029,0.176,2023
25,HOU,3,31,0.194,1.97,0.742,0.37,0.677,0.56,0.323,0.86,0.065,0.129,0.032,0,0.548,0.129,0.032,2023
26,NE,3,30,0.4,0.16,0.6,0.61,0.5,0.6,0.5,0.26,0.033,0.367,0.1,0,0.133,0.167,0.2,2023
27,PIT,3,30,0.367,1.31,0.633,0.21,0.5,0.96,0.5,0.27,0,0.267,0.233,0.1,0.267,0.1,0.033,2023
28,TEN,3,30,0.3,0.27,0.633,0.09,0.733,0.17,0.267,0.06,0,0.3,0.133,0,0.4,0.033,0.067,2023
29,CHI,3,29,0.517,0.11,0.414,0.23,0.414,0.13,0.586,0.45,0.138,0.379,0.103,0,0.034,0.276,0,2023
30,TB,3,28,0.214,0.97,0.786,0.15,0.429,0.27,0.571,0.36,0.071,0.143,0.036,0,0.286,0.107,0.357,2023
31,MIA,3,28,0.393,1.48,0.571,1.17,0.393,1.09,0.607,1.35,0,0.143,0.143,0.25,0.25,0.036,0.143,2023
32,ARI,3,23,0.609,0.45,0.391,0.59,0.783,0.39,0.217,0.91,0.13,0.478,0.043,0,0.304,0.043,0,2023
1,LA,2,60,0.217,0.14,0.75,0.22,0.567,0.25,0.417,0.31,0,0.2,0.15,0.017,0.367,0.217,0.017,2023
2,HOU,2,54,0.037,0.38,0.833,0.47,0.667,0.56,0.296,0.16,0.019,0.019,0.074,0,0.611,0.148,0,2023
3,JAX,2,49,0.245,0.37,0.694,0.21,0.449,0.27,0.551,0.21,0.041,0.143,0.082,0.061,0.286,0.224,0.102,2023
4,CLE,2,49,0.327,0.15,0.653,0.22,0.735,0.31,0.265,0.18,0,0.327,0.143,0,0.388,0.02,0.102,2023
5,NE,2,47,0.149,0.23,0.83,0.21,0.553,0.15,0.447,0.48,0,0.149,0.021,0,0.404,0.064,0.34,2023
6,MIN,2,46,0.152,0.9,0.783,0.53,0.5,0.56,0.5,0.73,0.022,0.087,0.087,0.043,0.37,0,0.326,2023
7,SEA,2,45,0.222,0.57,0.711,0.42,0.422,0.36,0.578,0.62,0.022,0.111,0.2,0.089,0.311,0.178,0.022,2023
8,WAS,2,45,0.333,0.55,0.644,0.45,0.533,0.27,0.467,0.7,0.044,0.289,0.044,0,0.222,0.111,0.267,2023
9,KC,2,45,0.156,1.24,0.822,0.26,0.6,0.39,0.4,0.68,0.044,0.111,0.156,0,0.467,0.156,0.044,2023
10,NYG,2,45,0.133,0.21,0.733,0.42,0.444,0.59,0.556,0.48,0.044,0.089,0.111,0,0.311,0.222,0.089,2023
11,LAC,2,44,0.295,0.82,0.614,0.35,0.568,0.58,0.432,0.3,0,0.295,0.182,0,0.273,0.159,0,2023
12,CIN,2,43,0.442,0.6,0.535,0.21,0.442,0.44,0.558,0.34,0.07,0.233,0.07,0.14,0.256,0.07,0.14,2023
13,DEN,2,42,0.19,0.59,0.619,0.58,0.167,0.47,0.81,0.67,0.024,0.119,0.19,0.048,0.048,0.31,0.071,2023
14,NO,2,41,0.195,0.18,0.732,0.23,0.683,0.25,0.317,0.11,0,0.195,0,0,0.463,0.098,0.171,2023
15,DAL,2,40,0.25,0.39,0.675,0.28,0.475,0.35,0.525,0.62,0.025,0.2,0,0.025,0.275,0.375,0.025,2023
16,BAL,2,40,0.35,0.81,0.65,0.38,0.625,0.67,0.375,0.3,0.05,0.3,0.15,0,0.325,0.15,0.025,2023
17,BUF,2,39,0.487,0.74,0.462,0.27,0.487,0.57,0.513,0.6,0.103,0.359,0.103,0.026,0.128,0.154,0.077,2023
18,CAR,2,39,0.256,0.81,0.744,0.15,0.615,0.32,0.385,0.33,0.026,0.231,0.205,0,0.385,0.103,0.051,2023
19,TB,2,38,0.105,0.23,0.842,0.52,0.421,0.69,0.579,0.35,0,0.105,0.368,0,0.316,0.053,0.105,2023
20,ATL,2,38,0.079,1.51,0.842,0.32,0.526,0.37,0.474,0.41,0.026,0.053,0.026,0,0.474,0.316,0.026,2023
21,DET,2,37,0.216,0.25,0.784,0.76,0.703,0.87,0.297,0.11,0,0.216,0.027,0,0.486,0.027,0.243,2023
22,CHI,2,36,0.167,1.38,0.833,0.28,0.583,0.44,0.417,0.48,0.028,0.139,0.139,0,0.444,0.139,0.111,2023
23,IND,2,35,0.286,0.71,0.714,0.25,0.6,0.47,0.4,0.25,0,0.286,0.143,0,0.314,0.257,0,2023
24,NYJ,2,34,0.412,0.77,0.559,0.03,0.588,0.52,0.412,0.07,0,0.412,0.206,0,0.176,0.176,0,2023
25,PIT,2,32,0.406,0.17,0.594,0.51,0.75,0.39,0.25,0.33,0,0.406,0.188,0,0.344,0,0.063,2023
26,MIA,2,32,0.281,0.78,0.656,0.3,0.469,0.4,0.531,0.44,0.094,0.188,0.25,0,0.281,0.125,0,2023
27,ARI,2,32,0.313,1.09,0.594,0.34,0.625,0.89,0.375,0.3,0.094,0.219,0.031,0,0.344,0.125,0.094,2023
28,PHI,2,31,0.032,0,0.935,0.42,0.226,0.11,0.774,0.48,0.032,0,0.355,0,0.226,0.323,0.032,2023
29,TEN,2,29,0.276,0.29,0.724,0.55,0.621,0.44,0.379,0.54,0,0.241,0.138,0.034,0.379,0.069,0.138,2023
30,SF,2,26,0.308,0.25,0.692,0.35,0.462,0.37,0.538,0.27,0.115,0.192,0.038,0,0.269,0.269,0.115,2023
31,GB,2,26,0.346,0.96,0.615,0.47,0.577,0.93,0.423,0.6,0,0.308,0.231,0.038,0.269,0.115,0,2023
32,LV,2,25,0.32,0.75,0.68,0.21,0.48,0.55,0.52,0.23,0.04,0.28,0.2,0,0.24,0.12,0.12,2023
1,WAS,5,60,0.117,0.88,0.85,0.26,0.45,0.31,0.55,0.49,0.05,0.067,0.383,0,0.383,0.083,0,2023
2,CIN,5,51,0.157,1.22,0.784,0.38,0.294,0.49,0.706,0.49,0.059,0.098,0.196,0,0.196,0.275,0.118,2023
3,MIN,5,50,0.4,0.58,0.52,0.28,0.32,0.42,0.68,0.37,0.08,0.24,0.14,0.08,0.04,0.34,0,2023
4,JAX,5,47,0.085,0.46,0.851,0.32,0.34,0.34,0.66,0.4,0.021,0.064,0.191,0,0.277,0.191,0.191,2023
5,BAL,5,45,0.467,0.12,0.467,0.31,0.778,0.19,0.222,0.22,0.022,0.422,0.111,0.022,0.333,0.022,0,2023
6,PHI,5,43,0.163,0.46,0.744,0.36,0.581,0.56,0.419,0.27,0.047,0.116,0,0,0.465,0.093,0.186,2023
7,NYG,5,43,0.209,0.28,0.791,0.24,0.535,0.22,0.465,0.28,0,0.209,0,0,0.326,0.093,0.372,2023
8,CAR,5,43,0.349,1.05,0.558,0.18,0.628,0.4,0.372,0.59,0.07,0.279,0.116,0,0.349,0.093,0,2023
9,KC,5,43,0.233,0.77,0.721,0.37,0.488,0.59,0.512,0.31,0.07,0.14,0.14,0.023,0.349,0.163,0.07,2023
10,BUF,5,42,0.119,1.1,0.81,0.47,0.5,0.38,0.5,0.97,0.024,0.071,0.167,0.024,0.405,0.214,0.024,2023
11,DEN,5,41,0.293,0.61,0.512,0.53,0.415,0.34,0.585,0.58,0.024,0.268,0,0,0.122,0.317,0.073,2023
12,LA,5,41,0.39,0.41,0.61,0.41,0.78,0.45,0.22,0.27,0.049,0.317,0,0.024,0.463,0.146,0,2023
13,ATL,5,39,0.128,0.94,0.872,0.41,0.641,0.55,0.359,0.34,0,0.128,0.077,0,0.513,0.282,0,2023
14,TEN,5,37,0.162,0.45,0.784,0.28,0.568,0.34,0.432,0.24,0,0.162,0.135,0,0.378,0.135,0.135,2023
15,PIT,5,36,0.167,0.94,0.806,0.26,0.361,0.24,0.639,0.44,0.028,0.139,0.056,0,0.222,0.194,0.333,2023
16,LV,5,36,0.25,0.18,0.667,0.24,0.694,0.17,0.306,0.67,0,0.25,0.111,0,0.472,0.028,0.056,2023
17,HOU,5,35,0.314,0.27,0.657,0.48,0.314,0.34,0.686,0.43,0,0.143,0.314,0.171,0.171,0.114,0.057,2023
18,ARI,5,35,0.257,0.68,0.743,0.21,0.686,0.45,0.314,0.07,0.029,0.229,0.2,0,0.457,0.057,0.029,2023
19,GB,5,34,0.059,0,0.912,0.22,0.559,0.26,0.441,0.2,0,0.059,0.176,0,0.5,0.206,0.029,2023
20,NYJ,5,33,0.273,0.07,0.667,0.41,0.636,0.28,0.364,0.3,0.03,0.242,0.061,0,0.394,0.121,0.091,2023
21,NE,5,33,0.364,-0.11,0.606,0.23,0.545,0.01,0.455,0.21,0,0.364,0.061,0,0.182,0.364,0,2023
22,CHI,5,33,0.455,0.85,0.485,0.42,0.606,0.57,0.394,1.3,0.121,0.333,0.03,0,0.242,0.212,0,2023
23,MIA,5,32,0.219,1.15,0.625,0.36,0.25,1.1,0.75,0.43,0,0.125,0.281,0.094,0.063,0.156,0.125,2023
24,NO,5,30,0.233,0.22,0.733,0.51,0.567,0.6,0.433,0.53,0.033,0.167,0.233,0.033,0.4,0.067,0.033,2023
25,DAL,5,30,0.367,0.71,0.633,-0.02,0.6,0.37,0.4,0.07,0,0.367,0.233,0,0.233,0.167,0,2023
26,DET,5,30,0.133,1.42,0.8,0.47,0.633,0.74,0.367,0.67,0.067,0.067,0.033,0,0.533,0.033,0.2,2023
27,IND,5,28,0.393,0.4,0.607,0.35,0.5,0.57,0.5,0.16,0.071,0.321,0.179,0,0.179,0.179,0.071,2023
28,SF,5,26,0.192,1.1,0.731,0.85,0.731,1.02,0.269,0.97,0,0.192,0.115,0,0.538,0.077,0,2023
1,IND,6,60,0.167,0.46,0.767,0.19,0.467,0.12,0.533,0.32,0.033,0.117,0.133,0.017,0.333,0.183,0.117,2023
2,NO,6,53,0.264,0.12,0.698,0.42,0.415,0.2,0.585,0.41,0.075,0.189,0.075,0,0.226,0.245,0.151,2023
3,ATL,6,52,0.25,0.08,0.712,0.37,0.423,0.39,0.577,0.35,0.038,0.096,0.192,0.115,0.327,0.154,0.038,2023
4,PHI,6,50,0.14,0.5,0.82,0.16,0.38,0.19,0.62,0.35,0,0.14,0.02,0,0.24,0.38,0.18,2023
5,DET,6,48,0.167,0.26,0.813,0.52,0.458,0.67,0.542,0.3,0.021,0.125,0.146,0.021,0.333,0.229,0.104,2023
6,SEA,6,48,0.063,-0.01,0.854,0.31,0.563,0.29,0.438,0.23,0.021,0.042,0.104,0,0.521,0.146,0.083,2023
7,ARI,6,46,0.109,0.07,0.848,0.31,0.478,0.32,0.522,0.24,0,0.065,0,0.043,0.391,0.304,0.152,2023
8,KC,6,46,0.13,0.3,0.826,0.44,0.478,0.48,0.522,0.34,0.022,0.087,0.087,0.022,0.391,0.239,0.109,2023
9,NYG,6,44,0.227,0.31,0.705,0.23,0.432,0.3,0.568,0.19,0.023,0.182,0.114,0.023,0.25,0.227,0.114,2023
10,LAC,6,43,0.326,0.84,0.628,0.22,0.512,0.24,0.488,0.59,0.07,0.256,0.093,0,0.256,0.279,0,2023
11,CAR,6,43,0.279,0.48,0.698,0.23,0.744,0.22,0.233,0.56,0.047,0.233,0,0,0.512,0.07,0.116,2023
12,NYJ,6,40,0.35,0.19,0.625,0.26,0.65,0.29,0.35,0.12,0.025,0.325,0.025,0,0.325,0.1,0.175,2023
13,TB,6,40,0.15,0.19,0.85,0.2,0.325,0.28,0.675,0.16,0,0.15,0.175,0,0.2,0.4,0.075,2023
14,CIN,6,39,0.256,0.59,0.744,0.31,0.564,0.44,0.436,0.31,0,0.231,0.026,0.026,0.333,0.308,0.077,2023
15,DAL,6,38,0.263,0.75,0.737,0.35,0.421,0.3,0.579,0.57,0.053,0.105,0.105,0.105,0.342,0.132,0.158,2023
16,BAL,6,37,0.243,0.13,0.676,0.34,0.541,0.34,0.459,0.45,0.027,0.216,0.081,0,0.297,0.27,0.027,2023
17,CLE,6,37,0.108,0.29,0.892,0.14,0.432,0.29,0.568,0.05,0,0.108,0.27,0,0.324,0.297,0,2023
18,NE,6,37,0.162,0.19,0.757,0.18,0.514,0.2,0.486,0.18,0.027,0.135,0.081,0,0.378,0.216,0.081,2023
19,JAX,6,35,0.057,0,0.886,0.37,0.6,0.13,0.4,0.93,0,0.057,0.143,0,0.543,0.143,0.057,2023
20,MIN,6,33,0.364,0.12,0.576,0.21,0.667,0.16,0.333,0.61,0,0.333,0.091,0.03,0.303,0.182,0,2023
21,LV,6,33,0.333,0.27,0.576,0.33,0.455,0.4,0.545,0.43,0.091,0.242,0.212,0,0.212,0.152,0,2023
22,BUF,6,32,0.313,0.6,0.656,0.23,0.656,0.43,0.344,0.53,0,0.313,0.031,0,0.344,0.094,0.188,2023
23,MIA,6,32,0.063,2.06,0.906,0.46,0.531,0.32,0.469,1.07,0.063,0,0.125,0,0.531,0.094,0.156,2023
24,CHI,6,32,0.188,-0.12,0.813,0.22,0.406,0.16,0.594,0.16,0.188,0,0.344,0,0.438,0.031,0,2023
25,SF,6,31,0.613,0.37,0.323,0.13,0.871,0.3,0.097,0.17,0.032,0.581,0.032,0,0.29,0,0,2023
26,HOU,6,30,0.267,0.29,0.633,0.23,0.433,0.37,0.567,0.61,0.067,0.2,0.1,0,0.233,0.233,0.067,2023
27,TEN,6,30,0.133,0.1,0.767,0.27,0.333,0.02,0.667,0.33,0.033,0.1,0.033,0,0.233,0.333,0.167,2023
28,DEN,6,29,0.276,-0.07,0.69,0.46,0.345,0,0.655,0.46,0.034,0.172,0.172,0.069,0.172,0.31,0.034,2023
29,WAS,6,29,0.379,0.65,0.517,0.16,0.345,0.2,0.655,0.85,0,0.172,0.207,0.207,0.172,0.069,0.069,2023
30,LA,6,28,0.143,0.5,0.679,0.59,0.429,0.37,0.571,0.55,0,0.143,0,0,0.286,0.393,0,2023
1,NO,7,59,0.119,0.77,0.831,0.23,0.458,0.39,0.542,0.19,0.017,0.102,0.136,0,0.339,0.22,0.136,2023
2,DET,7,58,0.19,0.26,0.759,0.17,0.466,0.21,0.534,0.15,0.017,0.138,0.069,0.034,0.31,0.241,0.138,2023
3,WAS,7,49,0.551,0.26,0.388,0.15,0.653,0.25,0.347,0.12,0.082,0.429,0.041,0.041,0.224,0.122,0,2023
4,BUF,7,46,0.543,0.56,0.457,0.19,0.587,0.24,0.413,0.61,0.196,0.304,0.087,0.043,0.283,0.087,0,2023
5,TB,7,46,0.109,0.09,0.783,0.46,0.196,0.34,0.804,0.38,0,0.109,0.087,0,0.087,0.239,0.37,2023
6,LV,7,46,0.196,0.51,0.696,0.13,0.652,0.03,0.348,0.51,0.043,0.152,0.109,0,0.5,0.065,0.022,2023
7,KC,7,45,0.467,0.57,0.467,0.6,0.489,0.98,0.511,0.59,0.133,0.333,0.022,0,0.244,0.156,0.044,2023
8,MIN,7,45,0.2,0.95,0.711,0.42,0.622,0.42,0.356,0.65,0.022,0.178,0.067,0,0.444,0.2,0,2023
9,CLE,7,40,0,0,0.9,0.16,0.6,0.06,0.4,0.27,0,0,0.175,0,0.575,0.1,0.05,2023
10,ARI,7,39,0.051,0.32,0.923,0.16,0.513,0.11,0.487,0.23,0,0.051,0.026,0,0.436,0.256,0.205,2023
11,PHI,7,36,0.278,1.04,0.694,0.32,0.528,0.36,0.472,0.71,0.111,0.167,0,0,0.361,0.111,0.222,2023
12,LAC,7,36,0.306,0.86,0.611,0.21,0.333,0.44,0.667,0.32,0.083,0.167,0.278,0.056,0.111,0.028,0.194,2023
13,MIA,7,36,0.111,1.27,0.861,0.2,0.389,0.41,0.611,0.27,0,0.083,0.333,0.028,0.306,0.222,0,2023
14,NYG,7,36,0.25,0.06,0.722,0.76,0.694,0.56,0.306,0.55,0,0.25,0.111,0,0.444,0.167,0,2023
15,JAX,7,35,0.2,0.65,0.771,0.51,0.429,0.47,0.571,0.59,0,0.2,0.286,0,0.2,0.257,0.029,2023
16,GB,7,34,0.294,0.61,0.676,0.43,0.647,0.41,0.353,0.57,0.029,0.265,0.118,0,0.382,0.029,0.147,2023
17,SF,7,33,0.212,1.24,0.758,0.24,0.545,0.25,0.455,0.67,0.121,0.091,0.182,0,0.485,0.091,0,2023
18,NE,7,33,0.182,1.11,0.788,0.35,0.455,0.48,0.545,0.7,0.061,0.121,0.152,0,0.333,0.212,0.091,2023
19,CHI,7,33,0.091,0.32,0.818,0.28,0.455,0.35,0.545,0.42,0.061,0.03,0.091,0,0.394,0.273,0.061,2023
20,BAL,7,33,0.364,0.9,0.576,0.7,0.727,0.86,0.273,0.87,0,0.364,0,0,0.364,0.212,0,2023
21,LA,7,32,0.469,0.39,0.469,0.13,0.563,0.3,0.438,0.55,0,0.406,0.125,0.063,0.156,0.156,0.031,2023
22,DEN,7,31,0.355,0.95,0.613,0.18,0.71,0.53,0.29,0.24,0,0.355,0.097,0,0.323,0.097,0.097,2023
23,IND,7,30,0.533,1.13,0.467,0.93,0.7,1.24,0.3,0.56,0.133,0.4,0.133,0,0.3,0,0.033,2023
24,SEA,7,28,0.107,0.29,0.893,0.64,0.5,0.28,0.5,0.91,0,0.107,0.071,0,0.393,0.321,0.107,2023
25,PIT,7,28,0.179,0.54,0.714,0.29,0.464,0.44,0.536,0.25,0,0.143,0.036,0.036,0.25,0.357,0.071,2023
26,ATL,7,28,0.143,0.15,0.75,0.56,0.286,0.68,0.714,0.3,0.036,0,0.143,0.107,0.286,0.179,0.143,2023
1,SEA,10,49,0.245,0.66,0.735,0.45,0.388,0.3,0.612,0.61,0.041,0.163,0.245,0.041,0.224,0.122,0.143,2023
2,NO,10,47,0.149,0.41,0.83,0.34,0.468,0.22,0.532,0.45,0.043,0.085,0.447,0.021,0.362,0.021,0,2023
3,WAS,10,47,0.213,0.56,0.787,0.51,0.489,0.36,0.511,0.68,0,0.213,0.064,0,0.277,0.319,0.128,2023
4,CIN,10,47,0.191,0.11,0.787,0.57,0.34,0.16,0.66,0.63,0,0.191,0.106,0,0.149,0.213,0.319,2023
5,CLE,10,46,0.326,0.21,0.587,0.28,0.587,0.15,0.413,0.59,0.022,0.304,0.043,0,0.283,0.152,0.109,2023
6,NYJ,10,46,0.13,0.63,0.848,0.29,0.522,0.46,0.478,0.18,0.043,0.087,0.239,0,0.413,0.174,0.022,2023
7,DAL,10,46,0.326,0.97,0.543,0.52,0.522,1.01,0.478,0.75,0.043,0.283,0.043,0,0.239,0.152,0.109,2023
8,CAR,10,44,0.205,0.47,0.795,0.14,0.614,0.23,0.386,0.17,0,0.205,0.114,0,0.409,0.159,0.114,2023
9,GB,10,43,0.279,1.05,0.674,0.24,0.558,0.41,0.442,0.46,0.023,0.233,0.209,0.023,0.302,0.07,0.093,2023
10,TEN,10,43,0.233,0.18,0.721,0.17,0.581,0.17,0.419,0.15,0,0.186,0.209,0.047,0.395,0.07,0.047,2023
11,MIN,10,41,0.293,0.34,0.634,0.51,0.366,0.4,0.634,0.69,0.024,0.268,0.244,0,0.098,0.268,0.024,2023
12,LAC,10,41,0.341,0.35,0.61,0.8,0.659,0.61,0.341,0.91,0.024,0.317,0.122,0,0.341,0.146,0,2023
13,HOU,10,41,0.268,0.1,0.634,0.42,0.732,0.44,0.268,0.89,0.049,0.22,0.073,0,0.463,0.073,0.024,2023
14,JAX,10,39,0.231,0.25,0.744,0.1,0.513,0.14,0.487,0.13,0,0.231,0.103,0,0.282,0.256,0.103,2023
15,NYG,10,37,0.27,0.44,0.676,0.23,0.73,0.36,0.27,0.48,0.054,0.216,0.108,0,0.459,0.108,0,2023
16,CHI,10,37,0.135,0.14,0.865,0.23,0.73,0.23,0.27,0.17,0,0.135,0.054,0,0.595,0.027,0.189,2023
17,DEN,10,37,0.216,0.66,0.73,0.33,0.378,0.29,0.622,0.63,0.054,0.081,0.162,0.081,0.297,0.108,0.162,2023
18,ARI,10,36,0.194,0.19,0.778,0.33,0.5,0.41,0.5,0.2,0.028,0.167,0.111,0,0.333,0.111,0.222,2023
19,TB,10,34,0.294,0.3,0.647,0.74,0.618,0.7,0.382,0.34,0,0.294,0.147,0,0.324,0.147,0.029,2023
20,NE,10,34,0.118,0.39,0.824,0.19,0.441,0.32,0.559,0.17,0,0.118,0.176,0,0.324,0.147,0.176,2023
21,DET,10,33,0.242,0.16,0.727,0.84,0.758,0.3,0.242,1.74,0.061,0.182,0,0,0.545,0.121,0.061,2023
22,BAL,10,30,0.5,0.68,0.5,0.2,0.833,0.48,0.167,0.26,0.033,0.467,0.133,0,0.367,0,0,2023
23,LV,10,30,0.333,0.02,0.633,0.24,0.533,0.19,0.467,0.44,0,0.333,0,0,0.2,0.267,0.167,2023
24,SF,10,30,0.133,1.81,0.733,0.75,0.7,1.03,0.3,0.27,0,0.133,0.1,0,0.533,0.033,0.067,2023
25,IND,10,28,0.464,0.4,0.536,0.1,0.679,0.32,0.321,0.08,0.036,0.429,0.214,0,0.25,0.071,0,2023
26,ATL,10,27,0.185,1.04,0.778,0.29,0.259,0.87,0.741,0.26,0.074,0.111,0.222,0,0.148,0.296,0.111,2023
27,BUF,10,27,0.148,1.74,0.852,0.38,0.667,0.65,0.333,0.45,0,0.148,0,0,0.519,0.074,0.259,2023
28,PIT,10,26,0.385,0.27,0.615,0.24,0.654,0.25,0.346,0.25,0.038,0.308,0.115,0.038,0.346,0.115,0.038,2023
1,NYJ,9,58,0.086,0.05,0.862,0.17,0.293,0.1,0.707,0.18,0.017,0.052,0.121,0.017,0.241,0.052,0.448,2023
2,DAL,9,53,0.472,0.63,0.509,0.44,0.642,0.64,0.358,0.35,0,0.396,0.132,0.075,0.226,0.094,0.057,2023
3,WAS,9,51,0.549,0.42,0.431,0.38,0.588,0.32,0.412,0.45,0.098,0.392,0.235,0.059,0.196,0,0,2023
4,CAR,9,48,0.042,0.65,0.917,0.15,0.292,0.41,0.708,0.18,0,0.042,0.333,0,0.25,0.125,0.208,2023
5,MIN,9,47,0.128,1.64,0.745,0.41,0.362,0.41,0.638,0.74,0.043,0.064,0.128,0.021,0.298,0.17,0.149,2023
6,NE,9,46,0.565,0.32,0.435,0.2,0.5,0.39,0.5,0.14,0.022,0.478,0.109,0.065,0.043,0.217,0.065,2023
7,CIN,9,46,0.348,0.62,0.522,0.34,0.457,0.36,0.5,0.66,0,0.283,0.13,0.065,0.261,0.065,0.065,2023
8,TEN,9,45,0.311,0.15,0.6,0.29,0.733,0.19,0.267,0.33,0,0.311,0.156,0,0.4,0,0.044,2023
9,HOU,9,45,0.133,1.35,0.778,0.75,0.444,1.19,0.556,0.6,0,0.133,0.2,0,0.311,0.2,0.067,2023
10,BUF,9,44,0.273,0.72,0.705,0.44,0.409,0.81,0.591,0.3,0,0.273,0.25,0,0.136,0.182,0.136,2023
11,NYG,9,42,0.071,0.19,0.833,0.21,0.619,0.14,0.31,0.67,0,0.071,0.167,0,0.548,0.095,0.024,2023
12,ATL,9,42,0.19,1.08,0.786,0.22,0.714,0.22,0.286,0.76,0.095,0.095,0.119,0,0.619,0.048,0,2023
13,BAL,9,38,0.184,0.31,0.737,0.31,0.711,0.3,0.289,0.65,0.026,0.158,0,0,0.553,0.132,0.053,2023
14,MIA,9,38,0.289,0.59,0.711,0.22,0.263,0.84,0.737,0.14,0.026,0.158,0.132,0.105,0.105,0.263,0.211,2023
15,CHI,9,37,0.297,0.84,0.703,0.36,0.514,0.8,0.486,0.18,0,0.216,0.297,0.081,0.297,0.081,0.027,2023
16,LAC,9,37,0.27,0.26,0.73,0.17,0.486,0.3,0.514,0.09,0.027,0.243,0,0,0.243,0.432,0.054,2023
17,NO,9,36,0.194,1.54,0.722,0.22,0.556,0.49,0.444,0.7,0.028,0.167,0.111,0,0.389,0.111,0.111,2023
18,CLE,9,34,0.118,2.19,0.794,0.36,0.412,0.88,0.588,0.33,0,0.118,0.118,0,0.235,0.412,0.029,2023
19,KC,9,34,0.265,1.32,0.676,0.2,0.529,0.58,0.471,0.39,0.059,0.206,0,0,0.324,0.206,0.147,2023
20,TB,9,34,0.147,0.19,0.735,0.53,0.441,0.34,0.559,0.74,0,0.147,0.088,0,0.265,0.235,0.147,2023
21,SEA,9,33,0.242,0.22,0.697,0.17,0.606,0.25,0.394,-0.02,0,0.242,0.152,0,0.364,0,0.182,2023
22,LA,9,32,0.188,0.2,0.813,0.15,0.438,0.23,0.563,0.1,0,0.188,0.281,0,0.25,0.031,0.25,2023
23,ARI,9,32,0.125,-0.2,0.875,0.1,0.5,0.08,0.5,0.05,0,0.125,0.438,0,0.375,0,0.063,2023
24,PHI,9,32,0.406,1.04,0.594,0.3,0.531,0.86,0.469,0.3,0,0.375,0.156,0.031,0.156,0.281,0,2023
25,GB,9,31,0.226,0.41,0.742,0.48,0.645,0.32,0.355,0.68,0,0.226,0.065,0,0.419,0.161,0.097,2023
26,PIT,9,30,0.167,1.08,0.767,0.21,0.3,0.22,0.7,0.4,0.067,0.1,0.233,0,0.2,0.167,0.167,2023
27,IND,9,28,0.107,0,0.821,0.23,0.786,0.16,0.214,1.03,0,0.107,0.143,0,0.643,0.036,0,2023
28,LV,9,25,0.48,0.34,0.32,0.38,0.48,0.37,0.36,0.32,0,0.48,0.04,0,0.08,0.2,0,2023
1,WAS,8,55,0.309,0.51,0.691,0.61,0.582,0.68,0.418,0.44,0,0.309,0.2,0,0.255,0.109,0.127,2023
2,PIT,8,50,0.06,1.63,0.88,0.21,0.44,0.39,0.56,0.17,0,0.06,0.22,0,0.34,0.08,0.24,2023
3,GB,8,49,0.143,0,0.776,0.3,0.51,0.3,0.49,0.33,0.041,0.102,0.224,0,0.408,0.122,0.02,2023
4,MIA,8,49,0.327,0.49,0.612,0.39,0.571,0.21,0.429,0.92,0.082,0.184,0.122,0.061,0.388,0.102,0,2023
5,TB,8,48,0.167,1.24,0.813,0.24,0.375,0.43,0.625,0.39,0.021,0.104,0.125,0.042,0.271,0.313,0.104,2023
6,BUF,8,45,0.333,0.29,0.622,0.62,0.711,0.42,0.289,0.63,0,0.311,0.089,0.022,0.378,0.133,0.022,2023
7,IND,8,44,0.386,0.29,0.5,0.47,0.614,0.22,0.386,0.57,0.045,0.341,0.159,0,0.182,0.114,0.045,2023
8,KC,8,44,0.114,0.24,0.864,0.19,0.295,0.21,0.705,0.19,0,0.114,0.159,0,0.182,0.341,0.182,2023
9,NYJ,8,43,0.651,0.25,0.326,0.59,0.791,0.21,0.209,0.87,0,0.605,0.093,0.047,0.163,0.023,0.047,2023
10,ATL,8,43,0.14,0.51,0.791,0.21,0.442,0.22,0.558,0.44,0,0.14,0.209,0,0.302,0.279,0,2023
11,ARI,8,41,0.244,0.51,0.707,0.37,0.439,0.21,0.537,0.55,0,0.22,0.195,0.024,0.22,0.195,0.098,2023
12,LAC,8,41,0.39,0.49,0.585,0.49,0.732,0.51,0.268,0.79,0,0.366,0.073,0.024,0.366,0.146,0,2023
13,DAL,8,41,0.171,1.07,0.756,0.59,0.439,0.63,0.561,0.78,0.024,0.146,0.073,0,0.293,0.146,0.244,2023
14,PHI,8,41,0.317,1.03,0.659,0.44,0.39,0.55,0.61,0.82,0.024,0.22,0.268,0.073,0.171,0.195,0.024,2023
15,CAR,8,40,0.25,0.83,0.7,0.22,0.4,0.44,0.6,0.32,0.075,0.175,0.025,0,0.225,0.325,0.125,2023
16,MIN,8,39,0.205,0.9,0.744,0.43,0.641,0.64,0.359,0.25,0,0.205,0.051,0,0.436,0.256,0,2023
17,SF,8,39,0.179,0.45,0.744,0.39,0.641,0.42,0.359,0.77,0,0.179,0.154,0,0.462,0.103,0.026,2023
18,CHI,8,39,0.077,0.09,0.923,0.2,0.333,0.09,0.667,0.25,0,0.077,0.231,0,0.256,0.179,0.256,2023
19,DET,8,38,0.263,0.17,0.711,0.44,0.447,0.45,0.553,0.29,0.026,0.237,0.211,0,0.211,0.053,0.237,2023
20,CIN,8,38,0.237,1.28,0.658,0.42,0.553,0.76,0.447,0.62,0,0.211,0.053,0.026,0.342,0.158,0.105,2023
21,SEA,8,38,0.421,0.48,0.553,0.2,0.842,0.3,0.158,1.11,0,0.421,0.105,0,0.421,0,0.026,2023
22,CLE,8,37,0.108,0.28,0.838,0.37,0.486,0.56,0.514,0.13,0,0.108,0,0,0.378,0.324,0.135,2023
23,JAX,8,36,0.361,0.41,0.611,0.46,0.833,0.24,0.167,1.39,0,0.361,0.083,0,0.472,0.028,0.028,2023
24,LA,8,35,0.343,0.41,0.657,0.31,0.743,0.37,0.257,0.26,0,0.314,0.143,0.029,0.457,0.057,0,2023
25,BAL,8,32,0.219,0.27,0.688,0.2,0.406,0.19,0.5,0.23,0,0.219,0.063,0,0.188,0.375,0.063,2023
26,TEN,8,32,0.156,0.1,0.844,0.94,0.5,0.43,0.5,1.19,0,0.125,0.25,0.031,0.375,0.156,0.063,2023
27,NE,8,32,0.219,0.83,0.75,0.15,0.5,0.54,0.5,0.3,0.063,0.156,0,0,0.344,0.156,0.25,2023
28,NO,8,31,0.065,1.02,0.935,0.7,0.613,0.66,0.387,0.82,0.032,0.032,0,0,0.581,0.258,0.097,2023
29,DEN,8,30,0.3,1.09,0.633,0.21,0.4,0.75,0.6,0.5,0,0.233,0.333,0.067,0.167,0.1,0.033,2023
30,LV,8,28,0.214,0,0.786,0.22,0.393,0.21,0.607,0.16,0.036,0.179,0.179,0,0.214,0.214,0.179,2023
31,HOU,8,27,0.037,0.44,0.963,0.24,0.63,0.17,0.37,0.4,0,0.037,0.111,0,0.593,0.074,0.185,2023
32,NYG,8,24,0.458,0.17,0.5,0.07,0.5,0.16,0.5,0.07,0.083,0.375,0.042,0,0.083,0.25,0.125,2023
1,WAS,11,52,0.135,1,0.808,0.17,0.481,0.57,0.519,0.24,0,0.096,0.019,0.038,0.385,0.231,0.173,2023
2,TB,11,50,0.12,0.83,0.82,0.2,0.56,0.27,0.44,0.21,0.04,0.08,0.1,0,0.48,0.2,0.04,2023
3,KC,11,50,0.38,0.35,0.58,0.39,0.6,0.46,0.4,0.21,0.12,0.26,0.02,0,0.32,0.02,0.22,2023
4,CLE,11,45,0.267,0.25,0.667,0.12,0.622,0.23,0.378,0,0,0.222,0.089,0.044,0.4,0.044,0.133,2023
5,GB,11,44,0.273,0.54,0.659,0.5,0.568,0.41,0.432,0.56,0,0.227,0.114,0.045,0.341,0.045,0.159,2023
6,LAC,11,44,0.273,0.48,0.636,0.56,0.705,0.61,0.295,0.53,0,0.273,0.068,0,0.432,0.023,0.114,2023
7,LV,11,43,0.07,0,0.93,0.3,0.395,0.22,0.605,0.31,0.023,0.047,0.07,0,0.349,0.163,0.349,2023
8,DAL,11,42,0.19,0.56,0.81,0.35,0.643,0.33,0.357,0.5,0.071,0.119,0.071,0,0.524,0.119,0.095,2023
9,HOU,11,42,0.167,-0.07,0.81,0.59,0.357,0.97,0.643,0.15,0.048,0.119,0.024,0,0.238,0.5,0.048,2023
10,SEA,11,42,0.31,0.19,0.619,0.22,0.619,0.29,0.381,0.31,0,0.262,0,0.048,0.357,0.19,0.071,2023
11,MIA,11,41,0.024,4.44,0.902,0.4,0.512,0.4,0.488,0.56,0.024,0,0.122,0,0.488,0.195,0.098,2023
12,CIN,11,41,0.317,1.07,0.634,0.19,0.634,0.46,0.366,0.51,0.049,0.268,0.073,0,0.366,0.122,0.073,2023
13,NYJ,11,39,0.179,0.19,0.744,0.08,0.41,0.18,0.59,0.25,0,0.128,0.205,0.051,0.282,0.205,0.051,2023
14,DET,11,38,0.105,0.13,0.868,0.3,0.632,0.08,0.368,0.93,0,0.105,0.053,0,0.526,0.184,0.105,2023
15,MIN,11,38,0.289,0.36,0.632,0.36,0.658,0.42,0.342,0.7,0,0.263,0.026,0.026,0.395,0.132,0.079,2023
16,DEN,11,37,0.135,1.15,0.865,0.27,0.297,0.82,0.703,0.2,0.108,0.027,0.432,0,0.27,0.108,0.054,2023
17,CAR,11,37,0.405,0.42,0.595,0.05,0.73,0.21,0.27,0.15,0,0.405,0.081,0,0.324,0.189,0,2023
18,ARI,11,37,0.378,0.12,0.568,0.63,0.351,0.6,0.649,0.33,0.135,0.216,0.081,0.027,0.162,0.27,0.054,2023
19,NYG,11,36,0.556,0.92,0.417,0.27,0.639,0.87,0.361,0.2,0.028,0.528,0.083,0,0.111,0.139,0.083,2023
20,BUF,11,35,0.286,0.69,0.6,0.6,0.4,1.11,0.6,0.34,0.029,0.229,0.057,0.029,0.171,0.343,0.029,2023
21,JAX,11,35,0.086,0.03,0.829,0.51,0.514,0.58,0.486,0.91,0,0.086,0.171,0,0.429,0.229,0,2023
22,PIT,11,33,0.303,0.08,0.667,0.18,0.636,0.12,0.364,0.23,0.03,0.273,0.273,0,0.364,0,0.03,2023
23,LA,11,33,0.03,-1,0.818,0.29,0.667,0.26,0.333,0.46,0,0.03,0.03,0,0.576,0.121,0.091,2023
24,BAL,11,33,0.333,1.02,0.606,0.25,0.576,0.71,0.424,0.5,0.061,0.273,0.152,0,0.303,0.121,0.03,2023
25,SF,11,31,0.323,1.43,0.677,0.6,0.71,1.06,0.29,0.39,0.032,0.258,0.032,0.032,0.452,0.065,0.129,2023
26,CHI,11,29,0.31,1.16,0.655,0.28,0.586,0.76,0.414,0.24,0.034,0.276,0.207,0,0.31,0.103,0.034,2023
27,PHI,11,28,0.357,0,0.643,0.31,0.25,0.06,0.75,0.24,0.179,0.143,0.214,0.036,0.107,0.143,0.179,2023
28,TEN,11,20,0.15,1.51,0.85,0.6,0.35,0.14,0.65,1.06,0.05,0.1,0.25,0,0.25,0.15,0.2,2023
1,PHI,13,56,0.214,0.64,0.786,0.26,0.321,0.39,0.679,0.32,0.107,0.107,0.071,0,0.232,0.464,0.018,2023
2,IND,13,47,0.404,0.38,0.532,0.55,0.489,0.31,0.511,0.54,0.149,0.255,0.021,0,0.234,0.277,0,2023
3,CLE,13,46,0.065,0.15,0.87,0.31,0.478,0.15,0.522,0.58,0,0.065,0.022,0,0.413,0.283,0.152,2023
4,JAX,13,46,0.239,0.64,0.717,0.44,0.478,0.47,0.522,0.48,0.043,0.196,0.196,0,0.283,0.152,0.087,2023
5,DAL,13,46,0.065,0.27,0.848,0.47,0.457,0.64,0.543,0.45,0,0.065,0.065,0,0.326,0.391,0.065,2023
6,NYJ,13,43,0.209,0.07,0.744,0.21,0.419,0.02,0.581,0.28,0,0.209,0.349,0,0.186,0.023,0.186,2023
7,SEA,13,43,0.512,0.88,0.465,0.58,0.465,0.98,0.535,0.49,0,0.395,0.233,0.116,0.07,0.116,0.047,2023
8,CIN,13,42,0.286,0.9,0.667,0.28,0.429,0.83,0.571,0.17,0,0.19,0.095,0.095,0.238,0.119,0.214,2023
9,TEN,13,40,0.1,0.96,0.825,0.26,0.725,0.22,0.275,0.57,0.025,0.075,0.125,0,0.65,0.05,0,2023
10,KC,13,39,0.128,-0.07,0.744,0.5,0.436,0.41,0.564,0.32,0,0.128,0.128,0,0.256,0.231,0.128,2023
11,GB,13,39,0.359,0.45,0.59,0.38,0.282,0.24,0.718,0.75,0.128,0.128,0.231,0.103,0.154,0.128,0.077,2023
12,LAC,13,38,0.421,0.24,0.579,0.22,0.737,0.24,0.263,0.18,0,0.395,0.158,0.026,0.342,0.079,0,2023
13,LA,13,37,0.486,0.59,0.514,0.66,0.622,0.55,0.378,0.74,0,0.486,0.135,0,0.135,0.054,0.189,2023
14,CAR,13,35,0.314,0.15,0.629,0.21,0.714,0.19,0.286,0.14,0,0.314,0.171,0,0.371,0.086,0,2023
15,DEN,13,35,0.029,0.1,0.886,0.39,0.286,0.75,0.714,0.14,0,0.029,0.143,0,0.257,0.429,0.057,2023
16,HOU,13,35,0.143,0.3,0.829,0.51,0.543,0.37,0.457,0.58,0,0.114,0.057,0.029,0.429,0.229,0.114,2023
17,NE,13,33,0.333,0.23,0.667,0.21,0.606,0.21,0.394,0.21,0.03,0.303,0,0,0.303,0.121,0.242,2023
18,NO,13,31,0.323,0.75,0.677,0.29,0.613,0.23,0.387,0.78,0.032,0.29,0.161,0,0.323,0.194,0,2023
19,ATL,13,30,0.367,0.61,0.633,0.11,0.533,0.43,0.467,0.14,0.067,0.3,0.033,0,0.233,0.333,0.033,2023
20,PIT,13,30,0.1,0.44,0.767,0.29,0.167,0.54,0.833,0.39,0.033,0.033,0.4,0.033,0.133,0.133,0.1,2023
21,TB,13,30,0.167,0.37,0.833,0.37,0.667,0.55,0.333,0.02,0,0.133,0.067,0.033,0.533,0.067,0.167,2023
22,SF,13,30,0.3,1.5,0.667,0.58,0.767,1.01,0.233,0.84,0.1,0.2,0,0,0.533,0.033,0.1,2023
23,WAS,13,29,0.241,0.2,0.759,0.49,0.414,0.1,0.586,0.64,0.103,0.138,0.034,0,0.276,0.276,0.172,2023
24,ARI,13,27,0.481,0.54,0.519,0.32,0.63,0.5,0.37,0.3,0.037,0.444,0.222,0,0.185,0.037,0.074,2023
25,DET,13,26,0.462,0.23,0.462,1.14,0.692,0.58,0.308,0.75,0,0.462,0.077,0,0.231,0.077,0.077,2023
26,MIA,13,25,0.04,7.12,0.96,0.51,0.28,2.19,0.72,0.22,0,0.04,0.28,0,0.24,0.28,0.16,2023
1,BUF,12,57,0.333,0.67,0.667,0.54,0.579,0.63,0.421,0.51,0.053,0.281,0.088,0,0.298,0.211,0.07,2023
2,LAC,12,51,0.176,0.05,0.765,0.29,0.608,0.32,0.392,0.27,0.078,0.098,0.02,0,0.51,0.196,0.039,2023
3,DET,12,50,0.22,0.41,0.74,0.28,0.56,0.37,0.44,0.4,0,0.22,0.12,0,0.34,0.16,0.12,2023
4,ARI,12,49,0.184,0.74,0.796,0.19,0.673,0.38,0.327,0.12,0,0.184,0,0,0.49,0.163,0.143,2023
5,WAS,12,49,0.449,0.18,0.551,0.3,0.694,0.25,0.306,0.24,0,0.408,0.204,0.041,0.286,0.041,0.02,2023
6,CLE,12,47,0.277,0.19,0.638,0.15,0.638,0.19,0.362,0.33,0.021,0.255,0.043,0,0.34,0.191,0.064,2023
7,HOU,12,46,0.043,0.44,0.891,0.45,0.457,0.61,0.543,0.72,0,0.043,0.13,0,0.413,0.065,0.283,2023
8,NYJ,12,45,0.111,0.84,0.844,0.15,0.6,0.21,0.4,0.19,0,0.111,0,0,0.467,0.089,0.289,2023
9,IND,12,45,0.311,0.15,0.667,0.42,0.578,0.39,0.422,0.29,0,0.267,0.133,0.044,0.311,0.178,0.044,2023
10,CHI,12,44,0.25,0.28,0.727,0.17,0.25,0.07,0.75,0.24,0.25,0,0.455,0,0.227,0.023,0.023,2023
11,NO,12,40,0.55,0.34,0.45,0.25,0.75,0.34,0.25,0.16,0,0.475,0.05,0.075,0.275,0.075,0.05,2023
12,CAR,12,38,0.263,0.23,0.737,0.24,0.526,0.2,0.474,0.28,0,0.263,0.211,0,0.263,0.237,0.026,2023
13,TB,12,38,0.132,1.15,0.816,0.3,0.579,0.17,0.421,0.72,0.053,0.079,0.105,0,0.5,0.132,0.079,2023
14,JAX,12,38,0.289,0.71,0.658,0.39,0.579,0.44,0.421,0.49,0.026,0.263,0.079,0,0.316,0.184,0.079,2023
15,KC,12,38,0.237,0.81,0.763,0.47,0.605,0.71,0.395,0.32,0.026,0.211,0.237,0,0.395,0.132,0,2023
16,PHI,12,38,0.105,0.48,0.895,0.63,0.289,0.61,0.711,0.62,0,0.053,0.132,0.053,0.237,0.447,0.079,2023
17,NE,12,37,0.595,-0.01,0.405,0.2,0.757,0.08,0.243,0.04,0.054,0.486,0.054,0.054,0.27,0.081,0,2023
18,PIT,12,37,0.27,0.51,0.73,0.25,0.622,0.33,0.378,0.32,0.054,0.216,0.243,0,0.405,0.054,0.027,2023
19,BAL,12,36,0.167,0.29,0.806,0.21,0.417,0.26,0.583,0.39,0.028,0.139,0,0,0.278,0.194,0.333,2023
20,MIN,12,36,0.167,-0.13,0.806,0.29,0.639,0.12,0.361,0.45,0,0.167,0.194,0,0.472,0.111,0.028,2023
21,LV,12,35,0.257,0.4,0.714,0.36,0.229,0.32,0.771,0.42,0.057,0.114,0.171,0.086,0.114,0.314,0.114,2023
22,SEA,12,35,0.229,0.24,0.771,0.23,0.629,0.17,0.371,0.35,0,0.229,0.057,0,0.4,0.257,0.057,2023
23,LA,12,34,0.324,0.91,0.618,0.48,0.265,0.28,0.735,0.88,0.147,0.176,0.147,0,0.088,0.382,0,2023
24,NYG,12,33,0.424,0.51,0.576,0.28,0.727,0.25,0.273,0.71,0,0.424,0.242,0,0.333,0,0,2023
25,GB,12,33,0.485,0.97,0.485,0.44,0.758,0.78,0.242,0.42,0.03,0.455,0.03,0,0.273,0.152,0.03,2023
26,MIA,12,33,0.242,0.45,0.697,0.4,0.364,0.71,0.636,0.16,0.03,0.212,0.091,0,0.152,0.273,0.182,2023
27,DAL,12,33,0.455,0.89,0.515,0.72,0.424,0.99,0.576,0.86,0.091,0.333,0.182,0.03,0.091,0.121,0.121,2023
28,SF,12,33,0.061,0.36,0.939,0.35,0.667,0.39,0.333,0.28,0,0.061,0.061,0,0.606,0.091,0.182,2023
29,CIN,12,32,0.188,1.09,0.813,0.25,0.594,0.52,0.406,0.24,0,0.125,0.156,0.063,0.469,0.031,0.156,2023
30,TEN,12,29,0.103,0.01,0.828,0.28,0.379,0.29,0.621,0.24,0,0.103,0.138,0,0.241,0.103,0.345,2023
31,DEN,12,25,0.36,0.82,0.6,0.16,0.6,0.49,0.4,0.24,0.04,0.32,0.32,0,0.28,0,0,2023
32,ATL,12,24,0.25,0.17,0.708,0.71,0.583,0.59,0.417,0.39,0.083,0.167,0.042,0,0.417,0.25,0,2023
1,KC,16,58,0.155,0.58,0.759,0.28,0.466,0.3,0.534,0.33,0,0.155,0.207,0,0.31,0.172,0.069,2023
2,HOU,16,53,0.245,0.61,0.755,0.19,0.623,0.12,0.377,0.57,0.038,0.208,0.208,0,0.415,0.075,0.057,2023
3,JAX,16,52,0.212,0.37,0.75,0.43,0.423,0.6,0.577,0.25,0.077,0.038,0.135,0.096,0.385,0.154,0.077,2023
4,NYJ,16,51,0.196,0.51,0.686,0.26,0.255,0.15,0.745,0.3,0.059,0.137,0.039,0,0.118,0.353,0.176,2023
5,SF,16,51,0.176,0.32,0.784,0.15,0.353,0.35,0.647,0.21,0.059,0.118,0.039,0,0.235,0.255,0.255,2023
6,IND,16,46,0.152,0.09,0.848,0.25,0.63,0.14,0.37,0.37,0,0.13,0.087,0.022,0.5,0.043,0.217,2023
7,CIN,16,45,0.044,0.14,0.911,0.34,0.622,0.14,0.378,0.62,0.022,0.022,0.289,0,0.578,0,0.044,2023
8,CLE,16,45,0.111,2.02,0.822,0.34,0.289,0.77,0.711,0.47,0.022,0.067,0.2,0.022,0.244,0.289,0.089,2023
9,DEN,16,43,0.372,0.37,0.558,0.55,0.535,0.49,0.465,0.38,0.093,0.233,0.186,0.047,0.302,0.047,0.023,2023
10,NO,16,43,0.116,0.05,0.837,0.54,0.605,0.77,0.395,0.24,0,0.07,0.023,0.047,0.512,0.186,0.116,2023
11,ARI,16,42,0.119,2.03,0.81,0.21,0.476,0.68,0.524,0.23,0,0.119,0.429,0,0.357,0.024,0,2023
12,DET,16,41,0.195,0.33,0.683,0.24,0.585,0.25,0.415,0.48,0.024,0.171,0.073,0,0.39,0.195,0.024,2023
13,MIN,16,41,0.317,0.26,0.561,0.55,0.439,0.34,0.561,0.63,0.049,0.122,0.024,0.146,0.317,0,0.22,2023
14,PHI,16,41,0.439,0.58,0.561,0.24,0.561,0.54,0.439,0.2,0.22,0.22,0,0,0.341,0.146,0.073,2023
15,CAR,16,40,0.525,0.62,0.45,0.49,0.675,0.59,0.325,0.46,0,0.525,0.15,0,0.15,0.05,0.1,2023
16,SEA,16,40,0.175,0.5,0.8,0.3,0.375,0.32,0.625,0.5,0.025,0.1,0.175,0.05,0.25,0.375,0,2023
17,TB,16,39,0.128,1.35,0.744,0.29,0.513,0.76,0.487,0.25,0,0.128,0.077,0,0.359,0.179,0.128,2023
18,BAL,16,39,0.41,0.48,0.513,0.48,0.462,0.68,0.538,0.46,0.231,0.179,0.103,0,0.282,0.128,0,2023
19,LAC,16,39,0.179,0.25,0.744,0.23,0.462,0.27,0.538,0.19,0,0.179,0.205,0,0.231,0.154,0.154,2023
20,DAL,16,38,0.342,0.69,0.605,0.5,0.395,0.76,0.605,0.39,0.053,0.289,0.026,0,0.105,0.132,0.342,2023
21,MIA,16,38,0.316,0.53,0.658,0.37,0.526,0.31,0.474,0.53,0.053,0.158,0.079,0.105,0.368,0.211,0,2023
22,WAS,16,37,0.459,0.32,0.514,0.19,0.514,0.06,0.486,0.45,0.054,0.378,0.135,0.027,0.135,0.189,0.054,2023
23,NE,16,36,0.361,0.24,0.583,0.47,0.528,0.51,0.472,0.46,0.083,0.25,0.028,0.028,0.278,0.167,0.111,2023
24,NYG,16,35,0.143,0.1,0.771,0.49,0.486,0.28,0.514,0.43,0.029,0.114,0.171,0,0.371,0.171,0.057,2023
25,ATL,16,35,0,0,0.943,0.43,0.571,0.52,0.429,0.25,0,0,0.143,0,0.571,0.143,0.086,2023
26,TEN,16,35,0.086,0.13,0.857,0.45,0.371,0.46,0.629,0.38,0,0.086,0,0,0.286,0.343,0.229,2023
27,LA,16,35,0.343,0.66,0.629,0.6,0.686,0.69,0.314,0.42,0,0.343,0.086,0,0.314,0.229,0,2023
28,CHI,16,33,0.333,0.91,0.667,0.48,0.242,0.07,0.758,0.8,0.212,0.121,0.212,0,0.121,0.212,0.121,2023
29,GB,16,30,0.4,0.32,0.533,0.62,0.7,0.34,0.3,1.19,0.033,0.367,0.1,0,0.3,0.067,0.067,2023
30,PIT,16,29,0.241,1.16,0.69,0.58,0.621,1.02,0.379,0.18,0.034,0.207,0.034,0,0.414,0.138,0.103,2023
31,BUF,16,23,0.13,0.31,0.87,0.6,0.522,0.38,0.478,0.75,0,0.13,0.13,0,0.391,0.087,0.261,2023
32,LV,16,23,0.391,0.06,0.522,0.16,0.478,0.16,0.522,0.06,0.043,0.304,0.043,0.043,0.174,0.261,0.043,2023
1,JAX,14,56,0.25,0.65,0.732,0.17,0.482,0.27,0.518,0.46,0.089,0.161,0.286,0,0.321,0,0.125,2023
2,BAL,14,53,0.132,1.11,0.868,0.49,0.453,0.51,0.547,0.63,0.075,0.057,0.057,0,0.415,0.283,0.113,2023
3,BUF,14,49,0.347,0.22,0.612,0.35,0.367,0.21,0.633,0.33,0.061,0.163,0.061,0.122,0.184,0.245,0.122,2023
4,LAC,14,48,0.292,0.11,0.708,0.22,0.667,0.1,0.333,0.36,0,0.25,0.021,0.042,0.417,0.125,0.146,2023
5,CLE,14,46,0.152,0.82,0.804,0.3,0.435,0.43,0.565,0.53,0.022,0.13,0.109,0,0.304,0.152,0.239,2023
6,MIN,14,46,0.196,0.1,0.804,0.19,0.674,0.16,0.326,0.19,0.065,0.13,0.174,0,0.543,0.022,0.065,2023
7,KC,14,45,0.311,0.21,0.6,0.27,0.444,0.25,0.556,0.39,0,0.267,0.133,0.044,0.2,0.156,0.111,2023
8,ATL,14,45,0.333,0.31,0.6,0.43,0.4,0.48,0.6,0.35,0.111,0.133,0.222,0.089,0.244,0.111,0.022,2023
9,LA,14,43,0.209,0.82,0.698,0.27,0.442,0.44,0.558,0.64,0.023,0.163,0.279,0.023,0.256,0.116,0.047,2023
10,DAL,14,43,0.163,0.99,0.814,0.32,0.372,0.8,0.628,0.2,0.023,0.14,0.047,0,0.233,0.419,0.116,2023
11,CAR,14,43,0.419,0.14,0.535,0.26,0.674,0.18,0.326,0.23,0.047,0.372,0.023,0,0.302,0.209,0,2023
12,IND,14,43,0.279,0.2,0.674,0.23,0.465,0.17,0.535,0.42,0.023,0.256,0.302,0,0.209,0.116,0.047,2023
13,NYJ,14,42,0.238,0.25,0.714,0.45,0.5,0.55,0.5,0.41,0.024,0.214,0.071,0,0.286,0.357,0,2023
14,PIT,14,42,0.31,0.5,0.595,0.2,0.595,0.2,0.405,0.48,0.071,0.19,0.238,0.048,0.333,0.024,0,2023
15,GB,14,42,0.286,0.42,0.667,0.25,0.714,0.21,0.286,0.47,0.071,0.214,0.024,0,0.405,0.119,0.119,2023
16,MIA,14,41,0.171,0.21,0.683,0.32,0.415,0.32,0.585,0.19,0.024,0.122,0.293,0.024,0.293,0.073,0.024,2023
17,TEN,14,41,0.049,2.06,0.854,0.39,0.488,0.63,0.512,0.25,0,0.049,0.049,0,0.39,0.024,0.39,2023
18,CHI,14,40,0.2,1.13,0.675,0.28,0.55,0.66,0.45,0.5,0,0.2,0,0,0.3,0.275,0.1,2023
19,DET,14,39,0.154,0.15,0.846,0.23,0.564,0.32,0.436,0.08,0.026,0.128,0.154,0,0.436,0.231,0.026,2023
20,SEA,14,38,0.132,0.43,0.868,0.46,0.368,0.25,0.632,0.57,0,0.132,0.289,0,0.237,0.316,0.026,2023
21,DEN,14,36,0.167,0.06,0.833,0.54,0.472,0.39,0.528,0.53,0.028,0.139,0.028,0,0.333,0.056,0.417,2023
22,LV,14,36,0.056,0.76,0.861,0.1,0.25,0.13,0.75,0.17,0,0,0.444,0.056,0.25,0.111,0.056,2023
23,HOU,14,33,0.515,0.09,0.485,0.15,0.697,0.11,0.303,0.14,0,0.515,0.03,0,0.182,0.212,0.061,2023
24,NE,14,32,0.438,0.55,0.531,0.57,0.688,0.37,0.313,1.37,0,0.438,0.188,0,0.25,0.063,0.031,2023
25,SF,14,31,0.065,-0.5,0.935,0.81,0.548,0.66,0.452,0.81,0,0.065,0.032,0,0.484,0.194,0.226,2023
26,TB,14,31,0.29,0.13,0.677,0.4,0.194,0.15,0.806,0.52,0,0.129,0.097,0.161,0.065,0,0.516,2023
27,PHI,14,29,0.379,0.13,0.586,0.38,0.655,0.35,0.345,0.23,0.069,0.31,0.103,0,0.31,0.138,0.034,2023
28,NO,14,27,0.148,1.04,0.815,0.35,0.667,0.44,0.333,0.42,0.037,0.111,0,0,0.556,0.111,0.148,2023
29,NYG,14,27,0.185,0.43,0.778,0.34,0.63,0.68,0.37,0.22,0,0.185,0.111,0,0.556,0,0.111,2023
30,CIN,14,27,0.074,0.22,0.852,0.58,0.593,0.65,0.407,0.75,0,0.074,0.111,0,0.519,0,0.222,2023
1,CLE,15,49,0.163,0.11,0.816,0.38,0.49,0.17,0.51,0.64,0,0.163,0.204,0,0.327,0.224,0.061,2023
2,JAX,15,48,0.271,0.27,0.729,0.38,0.417,0.49,0.583,0.24,0.042,0.208,0.167,0.021,0.208,0.188,0.167,2023
3,NYG,15,47,0.277,0.14,0.702,0.2,0.426,0.09,0.574,0.24,0.021,0.213,0.277,0.043,0.213,0.213,0,2023
4,CIN,15,47,0.064,0.12,0.936,0.45,0.34,0.28,0.66,0.5,0.064,0,0.277,0,0.34,0.277,0.043,2023
5,CHI,15,45,0.378,0.34,0.556,0.24,0.644,0.2,0.356,0.25,0.022,0.356,0.2,0,0.244,0,0.111,2023
6,ARI,15,45,0.111,0.21,0.844,0.31,0.467,0.16,0.533,0.39,0.044,0.067,0.111,0,0.4,0.311,0.022,2023
7,NYJ,15,43,0.233,0.01,0.767,0.04,0.581,-0.01,0.419,0.1,0,0.233,0.023,0,0.349,0.14,0.256,2023
8,KC,15,41,0.366,0.9,0.585,0.19,0.659,0.62,0.341,0.39,0.024,0.317,0.122,0.024,0.341,0.122,0,2023
9,WAS,15,41,0.366,0.31,0.561,0.62,0.61,0.41,0.39,0.81,0,0.341,0.073,0.024,0.268,0.146,0.073,2023
10,DAL,15,41,0.098,0.13,0.902,0.18,0.415,0.21,0.585,0.15,0,0.024,0.268,0.073,0.39,0.146,0.098,2023
11,GB,15,41,0.146,0.21,0.854,0.49,0.463,0.46,0.537,0.44,0.073,0.024,0.098,0.049,0.439,0.244,0.073,2023
12,HOU,15,40,0.175,0.61,0.7,0.14,0.35,0.26,0.65,0.33,0.025,0.125,0.175,0.025,0.225,0.3,0,2023
13,MIN,15,39,0.256,0.6,0.718,0.32,0.538,0.44,0.462,0.53,0,0.231,0.077,0.026,0.308,0.256,0.077,2023
14,LA,15,37,0.27,0.07,0.622,0.78,0.432,0.58,0.568,0.44,0.054,0.216,0.027,0,0.216,0.243,0.135,2023
15,LV,15,37,0.162,1.79,0.784,0.53,0.622,0.96,0.378,0.59,0,0.162,0.054,0,0.432,0.135,0.162,2023
16,PHI,15,37,0.216,0.33,0.784,0.43,0.595,0.32,0.405,0.53,0,0.216,0,0,0.378,0.27,0.135,2023
17,TEN,15,36,0.111,0.14,0.889,0.28,0.333,0.23,0.667,0.27,0.028,0.083,0,0,0.25,0.417,0.222,2023
18,LAC,15,36,0.139,-0.14,0.833,0.56,0.5,0.49,0.5,0.64,0.028,0.111,0.222,0,0.389,0.139,0.083,2023
19,DET,15,36,0.361,0.78,0.583,0.79,0.556,0.94,0.444,0.77,0.028,0.333,0.139,0,0.222,0.139,0.083,2023
20,DEN,15,35,0.314,0.13,0.6,0.29,0.457,0.24,0.543,0.43,0.029,0.286,0.229,0,0.2,0.057,0.114,2023
21,NE,15,35,0.371,0.66,0.629,0.07,0.4,0.47,0.6,0.18,0.057,0.229,0.229,0.086,0.171,0.2,0.029,2023
22,SEA,15,35,0.314,0.72,0.686,0.18,0.486,0.56,0.514,0.16,0.029,0.229,0.086,0.057,0.257,0.286,0.057,2023
23,TB,15,33,0.152,0.96,0.848,0.91,0.515,1.32,0.485,0.49,0,0.152,0.121,0,0.364,0.152,0.212,2023
24,IND,15,32,0.375,1.21,0.625,0.31,0.406,1.19,0.594,0.27,0.094,0.281,0.438,0,0.125,0,0.063,2023
25,BAL,15,31,0.161,0.12,0.774,0.51,0.548,0.54,0.452,0.27,0,0.161,0.032,0,0.355,0.161,0.226,2023
26,NO,15,30,0.233,0.27,0.7,0.5,0.533,0.62,0.467,0.77,0.033,0.2,0.1,0,0.333,0.2,0.067,2023
27,PIT,15,30,0,0,0.967,0.16,0.433,0.25,0.567,0.33,0,0,0.1,0,0.433,0.167,0.267,2023
28,MIA,15,29,0.207,0.17,0.759,0.55,0.345,0.28,0.655,0.54,0,0.207,0,0,0.138,0.31,0.31,2023
29,SF,15,28,0.143,1.13,0.679,0.87,0.393,0.67,0.607,1.12,0,0.143,0.107,0,0.107,0.429,0.036,2023
30,CAR,15,28,0.357,0.48,0.571,0.2,0.679,0.36,0.321,0.11,0,0.321,0.107,0.036,0.321,0.036,0.107,2023
31,ATL,15,21,0.048,0.36,0.952,0.44,0.571,0.52,0.429,0.33,0,0.048,0.048,0,0.524,0.19,0.19,2023
32,BUF,15,19,0.632,0.65,0.368,0.23,0.789,0.51,0.211,0.47,0.105,0.526,0.105,0,0.263,0,0,2023
1,NYJ,17,50,0.3,0.58,0.7,0.17,0.52,0.4,0.48,0.17,0.02,0.28,0.3,0,0.24,0,0.16,2023
2,NYG,17,50,0.2,1.2,0.76,0.19,0.7,0.49,0.3,0.14,0.02,0.18,0.08,0,0.5,0.08,0.1,2023
3,LV,17,49,0.245,0.5,0.694,0.28,0.531,0.34,0.469,0.49,0,0.245,0.02,0,0.286,0.327,0.061,2023
4,CIN,17,44,0.182,1.3,0.75,0.3,0.068,1.43,0.932,0.4,0.023,0.045,0.386,0.114,0.023,0.205,0.136,2023
5,MIA,17,43,0.14,0.88,0.837,0.2,0.349,0.27,0.651,0.46,0.047,0.093,0.023,0,0.256,0.209,0.349,2023
6,DAL,17,41,0.463,0.91,0.512,0.16,0.634,0.41,0.366,0.67,0.122,0.341,0.098,0,0.293,0.098,0.024,2023
7,ATL,17,39,0.103,0.05,0.897,0.5,0.436,1.2,0.564,-0.12,0,0.103,0.205,0,0.333,0.205,0.154,2023
8,LAC,17,39,0.359,0.17,0.59,0.28,0.564,0.25,0.436,0.19,0.026,0.333,0.103,0,0.231,0.026,0.231,2023
9,CAR,17,39,0.103,0.23,0.897,0.08,0.359,0.14,0.641,0.07,0,0.103,0.128,0,0.256,0.231,0.282,2023
10,CHI,17,38,0.474,0.34,0.447,0.44,0.737,0.45,0.263,0.54,0.053,0.421,0.105,0,0.316,0.026,0,2023
11,LA,17,38,0.421,0.64,0.579,0.2,0.553,0.15,0.447,0.68,0.105,0.316,0.026,0,0.237,0.184,0.132,2023
12,MIN,17,38,0.105,0.12,0.763,0.19,0.447,0.2,0.553,0.33,0,0.105,0.158,0,0.342,0.079,0.184,2023
13,SEA,17,37,0.189,0.14,0.784,0.43,0.784,0.32,0.216,1.07,0.027,0.162,0.135,0,0.622,0,0.027,2023
14,DEN,17,36,0.194,1.03,0.75,0.22,0.389,0.57,0.611,0.25,0.028,0.167,0.056,0,0.194,0.167,0.333,2023
15,DET,17,36,0.361,0.28,0.472,0.54,0.556,0.31,0.444,0.5,0,0.278,0.111,0.083,0.222,0.139,0,2023
16,NO,17,35,0.343,0.91,0.629,0.24,0.514,0.48,0.486,0.46,0.057,0.2,0.229,0.086,0.314,0.029,0.057,2023
17,TB,17,35,0.2,0.14,0.771,0.59,0.486,0.86,0.514,0.21,0,0.143,0.314,0.057,0.343,0.114,0,2023
18,HOU,17,34,0.118,0.13,0.794,0.46,0.412,0.23,0.588,0.48,0,0.088,0.029,0.029,0.324,0.412,0.029,2023
19,BUF,17,34,0.294,0.35,0.618,0.23,0.529,0.13,0.441,0.4,0.059,0.235,0.265,0,0.294,0.029,0.029,2023
20,GB,17,34,0.265,0.89,0.647,0.51,0.471,0.59,0.529,0.8,0.118,0.147,0.265,0,0.324,0.059,0,2023
21,ARI,17,34,0.412,1.12,0.559,0.29,0.735,0.61,0.265,0.67,0.088,0.324,0.029,0,0.382,0.059,0.088,2023
22,KC,17,33,0.364,0.25,0.485,0.36,0.606,0.27,0.394,0.61,0.03,0.333,0.152,0,0.273,0.061,0,2023
23,TEN,17,32,0,0,0.844,0.23,0.125,-0.2,0.875,0.26,0,0,0.031,0,0.094,0.531,0.188,2023
24,NE,17,31,0.258,1.01,0.742,0.29,0.677,0.44,0.323,0.57,0,0.258,0.129,0,0.419,0.161,0.032,2023
25,CLE,17,30,0.2,1.53,0.633,0.28,0.533,0.98,0.467,0.55,0,0.2,0,0,0.3,0.267,0.067,2023
26,SF,17,30,0.133,0.52,0.733,0.51,0.5,0.39,0.5,0.78,0,0.133,0.233,0,0.367,0.067,0.067,2023
27,WAS,17,29,0.31,0.68,0.655,0.14,0.586,0.49,0.414,0.03,0.034,0.276,0.207,0,0.31,0.103,0.034,2023
28,JAX,17,29,0.276,0.5,0.621,0.31,0.862,0.35,0.138,0.19,0,0.276,0,0,0.552,0.034,0.034,2023
29,PIT,17,26,0.231,0.47,0.769,0.42,0.577,0.48,0.423,0.36,0.038,0.154,0.038,0.038,0.423,0.308,0,2023
30,BAL,17,26,0.269,1.94,0.731,1.4,0.692,1.96,0.308,0.61,0,0.269,0,0,0.423,0.154,0.154,2023
31,PHI,17,25,0.12,1.56,0.72,0.57,0.48,0.66,0.52,0.91,0.08,0.04,0.08,0,0.32,0.16,0.16,2023
32,IND,17,25,0.4,0.72,0.6,0.41,0.6,0.26,0.4,0.95,0.08,0.32,0.2,0,0.28,0.08,0.04,2023
1,LAC,18,57,0.298,0.34,0.632,0.27,0.298,0.24,0.702,0.28,0.018,0.175,0.263,0.105,0.158,0.158,0.053,2023
2,MIN,18,49,0.184,0.7,0.816,0.4,0.51,0.28,0.49,0.64,0.02,0.122,0.245,0.041,0.388,0,0.184,2023
3,BUF,18,45,0.467,0.44,0.467,0.49,0.578,0.39,0.422,0.75,0.156,0.289,0,0.022,0.267,0.111,0.089,2023
4,JAX,18,45,0.2,0.09,0.756,0.51,0.378,0.05,0.622,0.62,0.044,0.133,0.067,0.022,0.267,0.333,0.089,2023
5,PHI,18,43,0.488,0.1,0.512,0.38,0.744,0.21,0.256,0.34,0.047,0.442,0.023,0,0.302,0.14,0.047,2023
6,NYG,18,41,0.195,0.22,0.78,0.5,0.659,0.33,0.341,0.62,0,0.195,0.146,0,0.439,0.195,0,2023
7,DAL,18,40,0.35,0.67,0.575,0.4,0.6,0.49,0.4,0.97,0.025,0.3,0.15,0.025,0.3,0.125,0,2023
8,DEN,18,40,0.225,0.13,0.775,0.42,0.525,0.28,0.475,0.44,0.025,0.175,0.175,0.025,0.35,0.2,0.05,2023
9,NE,18,39,0.359,0.11,0.641,0.05,0.667,0.09,0.333,0.03,0,0.359,0.051,0,0.308,0.179,0.103,2023
10,BAL,18,38,0.211,0.24,0.763,0.39,0.737,0.39,0.263,0.23,0,0.211,0.158,0,0.5,0.026,0.079,2023
11,TB,18,37,0.054,0.12,0.946,0.18,0.541,0.12,0.459,0.24,0,0.027,0.135,0.027,0.541,0.108,0.162,2023
12,LV,18,36,0.361,1.02,0.556,0.22,0.5,0.97,0.5,0.38,0.083,0.222,0.056,0.056,0.222,0.25,0.028,2023
13,ATL,18,36,0.333,0.45,0.667,0.58,0.389,0.07,0.611,0.83,0.056,0.278,0.306,0,0.083,0.139,0.139,2023
14,KC,18,35,0.343,0.44,0.629,0.21,0.6,0.24,0.4,0.34,0.114,0.2,0.114,0.029,0.4,0.029,0.086,2023
15,GB,18,34,0.147,1.77,0.824,0.39,0.647,0.66,0.353,0.43,0,0.147,0.235,0,0.5,0.059,0.029,2023
16,WAS,18,33,0.273,0.61,0.727,0.13,0.636,0.24,0.364,0.3,0.03,0.242,0.121,0,0.394,0.212,0,2023
17,CIN,18,33,0.364,1.34,0.636,0.18,0.455,0.51,0.545,0.67,0.03,0.303,0.303,0.03,0.242,0,0.091,2023
18,DET,18,33,0.152,0.13,0.727,0.66,0.576,0.55,0.424,0.74,0.061,0.091,0.152,0,0.455,0.121,0,2023
19,CLE,18,32,0.344,-0.01,0.656,0.73,0.781,0.38,0.219,0.82,0,0.344,0.219,0,0.438,0,0,2023
20,ARI,18,32,0.094,0.28,0.875,0.45,0.656,0.39,0.344,0.88,0,0.094,0.031,0,0.563,0.219,0.063,2023
21,NO,18,31,0.452,1.28,0.516,0.54,0.452,0.84,0.548,0.87,0,0.355,0.194,0.097,0.097,0.065,0.161,2023
22,SF,18,31,0.161,1,0.774,0.26,0.484,0.3,0.516,0.42,0.032,0.129,0,0,0.355,0.161,0.258,2023
23,HOU,18,31,0.194,0.24,0.774,0.63,0.613,0.27,0.387,1.28,0,0.194,0.032,0,0.419,0.226,0.097,2023
24,LA,18,30,0.3,1.16,0.7,0.2,0.567,0.69,0.433,0.22,0.033,0.267,0.1,0,0.3,0.267,0.033,2023
25,SEA,18,30,0.067,0,0.867,0.62,0.2,1.28,0.8,0.44,0.067,0,0.167,0,0.167,0.367,0.167,2023
26,MIA,18,29,0.207,0.05,0.759,0.41,0.31,0.52,0.69,0.25,0,0.069,0.414,0.138,0.241,0.069,0.034,2023
27,TEN,18,29,0.103,0.41,0.793,0.36,0.379,0.15,0.621,0.67,0,0.103,0.138,0,0.276,0.241,0.138,2023
28,IND,18,26,0.154,0.07,0.808,0.3,0.577,0.27,0.423,0.23,0.038,0.115,0,0,0.423,0.154,0.231,2023
29,CHI,18,24,0.417,0.36,0.583,0.26,0.583,0.36,0.417,0.22,0,0.417,0.083,0,0.167,0.208,0.125,2023
30,PIT,18,23,0.13,0.12,0.87,0.44,0.435,0.15,0.565,0.58,0.043,0.087,0,0,0.348,0.087,0.435,2023
31,CAR,18,23,0.13,0.11,0.87,0.24,0.739,0.29,0.261,0.03,0,0.13,0.087,0,0.609,0.087,0.087,2023
32,NYJ,18,21,0.524,0.12,0.381,0.15,0.619,0.15,0.381,0.11,0.143,0.381,0.095,0,0.238,0.048,0,2023
